Organization Name,Industries
Chengjia Apartment,"Customer Service, Hospitality, Real Estate, Rental"
Hastee,"Employee Benefits, Financial Services, FinTech"
Skip Scooters,"Last Mile Transportation, Public Transportation, Rental, Transportation"
Aibee,"Artificial Intelligence, Information Technology, Robotics"
Sandbox VR,"Content, Digital Entertainment, Location Based Services, Virtual Reality"
Layer1,"Bitcoin, Blockchain, Cryptocurrency"
Papaya Global,"Analytics, Business Intelligence, Cloud Data Services, FinTech, Human Resources, Internet, Recruiting, SaaS"
Beyond Pricing,"Big Data, Machine Learning, Real Estate, SaaS, Software, Travel, Vacation Rental"
Landing,"Home Services, Real Estate, Residential"
omni:us,"Artificial Intelligence, Computer Vision, Information Technology, Insurance, InsurTech, Machine Learning, Software Engineering"
dotData,"Artificial Intelligence, Big Data, Data Center Automation, Industrial Automation, Information Technology"
ForwardLane,"Artificial Intelligence, Asset Management, Finance, Financial Services, Machine Learning, Natural Language Processing, PaaS, Wealth Management"
Kovi,"Automotive, Big Data, Car Sharing, Information Technology, Rental, Transportation"
Emerge,"Logistics, Shipping, Travel"
Sensel,"Consumer Electronics, Information Technology, Innovation Management"
Yunhu Health,"Health Care, Medical"
Merantix,"Artificial Intelligence, Computer Vision, Health Care, Health Diagnostics, Machine Learning"
Frubana,"Agriculture, B2B, E-Commerce, E-Commerce Platforms, Logistics, Restaurants"
Tempo,"3D Technology, Artificial Intelligence, Computer Vision, Fitness, Machine Learning, Real Time, Software, Wellness"
Lori Systems,"Freight Service, Logistics, Railroad, Transportation"
Tend,"Dental, Health Care, Medical, Personal Health, Wellness"
Bear Robotics,"Artificial Intelligence, Retail Technology, Robotics, Software"
Accel Robotics,"Consumer, Electronics, Machine Learning, Robotics, Software"
Alpha Foods,"Food and Beverage, Food Processing, Nutrition, Sustainability"
DEEPEXI,"Architecture, Internet"
bitkey Japan,"CMS, Information Technology, Security"
Dandelion Energy,"CleanTech, Consumer Goods, Customer Service, Energy, GreenTech, Renewable Energy, Service Industry"
TruKKer,"Freight Service, Logistics, Supply Chain Management, Transportation"
Observe.AI,"Artificial Intelligence, Call Center, Natural Language Processing, SaaS, Software, Speech Recognition"
Compound,"Blockchain, Cryptocurrency, Ethereum, Finance, Internet, Software"
Securrency,"Blockchain, Cloud Infrastructure, Cyber Security, Financial Services, FinTech, Information Technology, Software"
Einride,"Autonomous Vehicles, Electric Vehicle, Logistics, Transportation"
Revel Transit,"Apps, Automotive, Consumer Electronics"
Smarter Sorting,"Artificial Intelligence, Logistics, Machine Learning, Recycling, Sustainability, Waste Management"
Contentstack,"CMS, Content, Content Delivery Network, Digital Marketing, Information Technology, SaaS, Software"
Kindbody,"Fertility, Health Care, Medical, Wellness, Women's"
ClearMetal,"Enterprise Software, Logistics, Shipping, Software, Supply Chain Management, Transportation"
Gtmhub,"Business Intelligence, Enterprise Software, Human Resources, SaaS, Software"
Bison Trails,"Blockchain, Infrastructure, Internet, Software"
Everledger,"Asset Management, Digital Media, Finance, Insurance"
Spring Health,"Artificial Intelligence, Health Care, Hospital, Machine Learning, Outpatient Care"
Verishop,"Consumer Goods, E-Commerce, Internet, Lifestyle"
ThreeKit,"3D Printing, Computer, Information Technology, Product Design, Software"
Bolt Mobility,"Information Services, Information Technology"
Paragraf,"Advanced Materials, Electronics, Industrial Engineering, Manufacturing, Semiconductor"
Insurify,"Artificial Intelligence, Auto Insurance, InsurTech, Price Comparison"
Hella Infra Market,"E-Commerce, Information Technology, Marketplace, Property Management, Real Estate"
Jumeng,"Logistics, Shipping, Transportation"
Gravitational,"Cloud Data Services, Cloud Infrastructure, Privacy, SaaS, Software"
Anchore,"Cloud Security, Computer, Enterprise Software, Information Technology"
Trigo,"Computer, Retail, Software"
Thimble,"Financial Services, FinTech, Insurance, InsurTech, Mobile"
Dandelion,"Advertising Platforms, Commercial, Content Discovery, E-Commerce, Software"
Kopi Kenangan,"Coffee, Food and Beverage"
Project Etopia,"Construction, Environmental Consulting, Real Estate, Renewable Energy"
Curated,"Communities, E-Commerce, Internet, Retail, Travel"
albo,"Banking, FinTech, Mobile Apps"
Waresix,"E-Commerce, Freight Service, Logistics, Supply Chain Management, Transportation, Warehousing"
Honeycomb,"Analytics, Big Data, Computer, Data Visualization, Database, Developer Tools, Information Technology, Software"
Securitize,"Blockchain, Cryptocurrency, Finance, Financial Services, FinTech, Information Technology, Software"
Flowhub,"Business Intelligence, Cannabis, Enterprise, Internet, Point of Sale, Retail Technology, SaaS, Small and Medium Businesses, Software"
3d Signals,"Artificial Intelligence, Industrial, Industrial Automation"
Khatabook,Accounting
Thrasio,"E-Commerce, Retail"
Telio.vn,"B2B, E-Commerce, Fast-Moving Consumer Goods, Retail, Retail Technology"
WhiteFox Defense Technologies,"Drone Management, Drones, Mobile, Security"
Mercury,"Banking, Financial Services, FinTech"
AvantStay,"Hospitality, Tourism, Travel"
Neighborhood Goods,"E-Commerce, E-Commerce Platforms, Retail"
Iron Ox,"Agriculture, Green Building, GreenTech, Robotics, Software, Sustainability"
Riskpulse,"Big Data, Logistics, Risk Management, Supply Chain Management"
iziwork,"Big Data, Human Resources, Information Technology, Mobile Apps, Staffing Agency"
Cherre,"Data Integration, Market Research, Real Estate"
Htrip,Tourism
Luko,"Artificial Intelligence, Insurance, InsurTech"
MURAL,"Collaboration, Enterprise Software, Product Design, SaaS, Unified Communications"
Eavor,"Clean Energy, CleanTech, Renewable Energy"
reMarkable,"Consumer Electronics, Digital Media, Mobile Devices"
ADVANO,"Advanced Materials, Energy, Energy Storage, Manufacturing, Nanotechnology"
Lilac Solutions,"Advanced Materials, Chemical, Natural Resources"
Cannalysis,"Cannabis, Information Services, Information Technology"
Alfilo Brands,"Art, Consulting, Consumer Goods, Marketing, Retail"
Jolt,"Business Intelligence, EdTech, Education, Higher Education, Professional Networking"
Homeloop,Real Estate
Snackpass,"Apps, E-Commerce, Food and Beverage, Local, Mobile Apps, Social, Software"
CyCognito,"Cyber Security, Network Security"
CardioLogs,"Artificial Intelligence, Big Data, Health Care, Health Diagnostics, Machine Learning, Software"
Rhino,"Consumer, Insurance, Real Estate"
EMnify,"Cloud Computing, IaaS, Internet of Things, PaaS, SaaS"
Spatial,"Augmented Reality, Software, Virtual Reality"
Springboard,"E-Learning, EdTech, Education"
Neuron Mobility,"Automotive, Computer, Electronics, Mobile Apps, Virtual Reality"
Cuvva,"Auto Insurance, Finance, Insurance, Mobile Payments"
Kheiron,"Artificial Intelligence, Developer Platform, Health Care, Medical"
Codility,"Big Data, Consulting, Employment, Human Resources, Information Technology, Internet, Recruiting, SaaS, Skill Assessment, Software"
Huckleberry,"Insurance, InsurTech, Internet"
Naïo Technologies,"Agriculture, Farming, Robotics"
CoachHub,"Corporate Training, E-Learning, Education, Personal Development, SaaS, Training"
Stellar Cyber,"Cyber Security, Network Security"
InterviewBit,"E-Learning, Employment, Recruiting"
LinkSquares,"Artificial Intelligence, Consulting, Contact Management, Information Technology, Internet, Legal, Legal Tech, Machine Learning, Software"
Let’s Do This,"E-Commerce, Events, Marketplace, Sports"
RenoRun,"Building Material, Construction, Delivery Service, Retail Technology"
FIDEL API,"Developer APIs, FinTech"
Sweepr,"Computer, Electronics, Home Services, Information Technology, Internet of Things, Software"
Evisort,"Analytics, Artificial Intelligence, Document Management, Legal, Software, Text Analytics"
Pinteon Therapeutics,"Health Care, Medical, Therapeutics"
Netdata,"Enterprise Software, Information Technology, Internet of Things, IT Infrastructure, Software"
Tookitaki,"Compliance, Finance, FinTech, Machine Learning, Predictive Analytics"
7shifts,"Mobile Apps, Restaurants, Scheduling, Software"
Camino Financial,"Commercial Lending, Credit, Financial Services, FinTech, Small and Medium Businesses"
FarmWise,"Agriculture, Artificial Intelligence, Farming, Robotics, Software"
Hugging Face,"Artificial Intelligence, Computer, Machine Learning, Software"
75F,"Electronics, Energy, Energy Efficiency, Facility Management, Internet of Things, Property Management, Smart Building, Software"
Descript,"Audio, Music Venues"
Wayve,"Artificial Intelligence, Autonomous Vehicles, Computer, Electric Vehicle, Machine Learning, Software"
Epsagon,"Analytics, Cloud Infrastructure, Information Technology, SaaS, Software"
Duality Technologies,"Artificial Intelligence, Cyber Security, Software"
Twistle,"Enterprise Software, Health Care, Messaging, Mobile Apps, Service Industry, Software"
Huntress,"Cyber Security, Information Technology"
Cutover,"Information Technology, Project Management, Software"
ZenBusiness,"Business Development, Business Information Systems, Internet"
Aero,"Air Transportation, Leisure, Tourism, Travel"
AMP Robotics,"Artificial Intelligence, Environmental Engineering, Information Technology, Intelligent Systems, Machine Learning, Recycling, Robotics"
Baton Systems,"Financial Services, Information Technology"
HaptX,"Hardware, Human Computer Interaction, Motion Capture, Robotics, Virtual Reality"
Aurora Insight,"Information Services, Information Technology, Telecommunications"
Doubtnut,"E-Learning, EdTech, Education, Image Recognition, STEM Education"
Torch Leadership Labs,"Corporate Training, Education, Human Resources, SaaS, Software, Training"
Emerge,"Augmented Reality, Consumer Electronics, Media and Entertainment, Telecommunications"
Gatsby,"Internet, Software"
Bravo Sierra,"Consumer Goods, Health Care, Manufacturing"
CalmCar Vision System,"Autonomous Vehicles, Computer Vision, Machine Learning"
Cohabs,"Communities, Real Estate"
Sokowatch,"Emerging Markets, Mobile, Sales"
Bumblebee Spaces,"Hardware, Machine Learning, Robotics, Smart Home, Software"
Dutchie,"Apps, Cannabis, Delivery, E-Commerce, Internet, Mobile Apps"
FieldIn,"Agriculture, AgTech, Farming, Information Technology, Internet of Things, Software"
Datacloak,"Cyber Security, Information Technology, Security"
Xiudan,Private Social Networking
QRails,"FinTech, Payments, Transaction Processing"
ISEE,"Artificial Intelligence, Automotive, Autonomous Vehicles, Machine Learning"
Gorgias,"Artificial Intelligence, Browser Extensions, Computer, Customer Service, Information Technology, Software"
Immutable,Internet
Fuel Games,"Blockchain, PC Games, Video Games"
SteelEye,"Analytics, Financial Services"
Oxford VR,"Health Care, Psychology, Virtual Reality"
Stori Card,"Banking, Credit Cards, Financial Services, FinTech"
Anyline,"Document Management, Energy Management, Image Recognition, Industrial Automation"
Houwzer,"Consumer, FinTech, Real Estate"
Boost Insurance,"Financial Services, Insurance, InsurTech"
Metawave,"Artificial Intelligence, Automotive, Communications Infrastructure, Telecommunications, Wireless"
Banyan Security,"Cyber Security, Enterprise Software, Information Technology, Security, Software"
Senreve,"Fashion, Retail, Sales"
Myia Labs,"Artificial Intelligence, Health Care, Machine Learning"
Disperse.io,"Artificial Intelligence, Construction, Information Technology"
Voxpopme,"Analytics, Market Research, Video"
Paro,"Accounting, Finance, Financial Services"
Nines,"Artificial Intelligence, Health Care, Health Diagnostics, Machine Learning"
Coralogix,"Analytics, Big Data, Enterprise Software, Information Technology, Machine Learning, SaaS, Software"
Loft Orbital,"Aerospace, Satellite Communication"
Unmind,"B2B, Employee Benefits, Enterprise Software, Health Care, mHealth"
Teraki,"Apps, Autonomous Vehicles, Information Technology"
Placer,"Analytics, Computer, Geospatial, Internet, Location Based Services, Retail, Retail Technology, Software"
Outlier.org,"E-Learning, Education, Internet"
Team Labs (Teampay),"FinTech, SaaS, Software"
TECHBOOZE CONSULTANCY SERVICES PVT. LTD.,"Business Development, Consulting"
FintechOS,"Artificial Intelligence, Financial Services, Information Technology, Venture Capital"
Alloy,"Financial Services, FinTech, Fraud Detection"
ProdPerfect,Software
Wheel,"Health Care, Recruiting"
Winnie,"Apps, Child Care, Children, Education, Marketplace, Mobile Apps, Parenting"
Cyberhaven,"Cloud Security, Cyber Security, Information Technology, Security"
Tianxianpei,"Communities, Consumer Goods, E-Commerce, Food and Beverage, Retail"
SimpliField,"Enterprise Software, Market Research, Mobile"
Shyft,"Internet, SaaS, Transportation, Video Chat"
Clipchamp,"Cloud Computing, Information Technology, Video, Video Editing"
Home HT,"Information Technology, Property Management, Real Estate"
Become,FinTech
Second Closet,"Commercial, Customer Service, Transportation, Warehousing"
Zenyum,"3D Printing, Health Care, Manufacturing, Medical"
Dray Alliance,"Logistics, Shipping, Supply Chain Management, Transportation"
Sensat,"Artificial Intelligence, Machine Learning, Software"
StoreHub,"Android, CRM, E-Commerce Platforms, Enterprise Software, iOS, Loyalty Programs, Point of Sale, Retail Technology, Small and Medium Businesses"
InDebted,"Debt Collections, Finance, Financial Services, FinTech"
Enveil,"Analytics, Cloud Data Services, Security"
Yulu,"Ride Sharing, Sharing Economy, Transportation"
Pecan,"Artificial Intelligence, Business Intelligence, Machine Learning, Predictive Analytics, Software"
GuRu,"Electronics, Information Technology, Product Design, Telecommunications, Wireless"
Incredible Health,"Health Care, Human Resources, Recruiting"
Perimeter 81,"Cloud Security, Cyber Security, Network Security, SaaS"
Q-CTRL,"Information Services, Information Technology, Quantum Computing, Software"
JULO,"Consumer Lending, Finance, Financial Services, Lending"
Perlego,"EBooks, EdTech, Education, Publishing, Subscription Service"
Anagram,"FinTech, Health Care, Insurance, Internet, Software"
Maple,"Health Care, Information Services, Information Technology"
Robin Healthcare,Health Care
BrainCheck,"Health Care, Health Diagnostics, Mobile Apps, Personal Health"
Siren,"Analytics, Big Data, Data Visualization, Intelligent Systems, Search Engine, Software"
Kangaroo,"Consumer Electronics, Mobile, Security"
Swivel,"Commercial Real Estate, Online Portals, Software"
Negotiatus,"B2B, Cloud Infrastructure, E-Commerce Platforms, Enterprise Software, Procurement, Software"
Katalyst,"Fitness, Health Care, Wellness"
Electronic Theatre,"Digital Entertainment, Digital Media, Media and Entertainment, Video Games"
Lily AI,"Artificial Intelligence, E-Commerce, Fashion, Women's"
Quill,"Computer, Messaging, Software"
CasperLabs,"Information Technology, Software"
Railsbank,"Banking, Finance, Financial Services, FinTech"
Rebound Technologies,"Energy, Environmental Engineering, Information Technology, Renewable Energy"
Dong Pinhui,"Food and Beverage, Internet"
Otis,Financial Services
Juvenile Get,"E-Learning, Education"
IOTAS,"Computer, Internet of Things, Software"
Airlift Technologies,Transportation
Deep Isolation,"Clean Energy, Environmental Engineering, Impact Investing, Nuclear, Renewable Energy, Risk Management"
Delphia,"Consumer Software, FinTech"
Astrocast,"Electronics, Telecommunications"
Fetch Package,"Delivery Service, E-Commerce, Logistics, Mobile, Real Estate"
Octave,"Fitness, Health Care, Personal Health, Wellness"
Styra,"Cloud Infrastructure, Cloud Management, Cloud Security, Cyber Security, Software"
Infimind,"Artificial Intelligence, Fashion, Retail"
dph168.com,"Big Data, Logistics, Supply Chain Management"
Juefx,"Artificial Intelligence, Automotive, Commercial"
Plantix,"AgTech, Apps, Artificial Intelligence, Image Recognition"
Reggora,Real Estate
Model 9,"Analytics, Cloud Storage, Data Integration, Data Storage, Enterprise Software"
Realtime Robotics,"Autonomous Vehicles, Robotics"
viisights,"Analytics, Artificial Intelligence, Automotive, Autonomous Vehicles, Big Data, Computer Vision, Homeland Security, Machine Learning, Public Safety, Video, Video Streaming"
Locale,"Hospitality, Hotel, Lifestyle, Real Estate"
New Vector,"Apps, Commercial, Communications Infrastructure, VoIP"
Brideside,"E-Commerce, Fashion, Online Portals, Wedding"
Imbed Biosciences,"Biometrics, Health Care"
Alice Technologies,"Construction, Innovation Management, Real Estate, Software"
Suplari,"Artificial Intelligence, Enterprise Software, Machine Learning"
Digital Risks,"Commercial Insurance, Cyber Security, Insurance, InsurTech"
Process Street,"Information Technology, Productivity Tools, Project Management, SaaS, Software"
WhereIsMyTransport,"Information Services, Information Technology, Software"
Chattermill,"Analytics, Artificial Intelligence, Machine Learning, Natural Language Processing, Software"
MotoRefi,"Automotive, Financial Services, FinTech, Lending"
Second Nature,"Fitness, Health Care, mHealth, Personal Development, Wellness"
Unioncrate,"Artificial Intelligence, Information Technology, Machine Learning, Predictive Analytics, SaaS, Software, Supply Chain Management"
Papa,"Elderly, Health Care, Transportation"
Fiddler Labs,"Artificial Intelligence, Big Data, Machine Learning"
Ping,"Analytics, Artificial Intelligence, Enterprise Software, Legal, Machine Learning, SaaS, Software"
liwwa,"Crowdfunding, Finance, Financial Services, FinTech"
Butler Hospitality,"Developer Platform, Hospitality, Professional Services"
Adroit Worldwide Media,"Digital Media, Media and Entertainment"
AppOmni,"Cloud Management, Cloud Security, Cyber Security, SaaS, Software"
PetPlate,"Consumer, Delivery Service, Food Delivery, Pet, Subscription Service"
Caper,"Artificial Intelligence, Computer, Retail, Shopping, Software"
HYPR,"Advertising, Internet, Public Relations"
Yanker,"Consumer, Consumer Goods, Internet"
Unito,"Computer, Internet, Productivity Tools, SaaS, Software"
Matera,"Accounting, Construction, Real Estate"
InsightRX,"Health Care, mHealth, Predictive Analytics"
FeetMe,"Clinical Trials, Fitness, Health Care, Medical, Real Time, Therapeutics, Wearables, Wellness"
Jumpstart,"Artificial Intelligence, College Recruiting, Machine Learning, Professional Networking"
Neighbor,"Information Technology, Internet, Logistics, Peer to Peer, Real Estate, Rental, Sharing Economy"
Vic.ai,"Accounting, Artificial Intelligence, Financial Services, Information Services"
Kapwing,"Content Creators, Media and Entertainment, Social Media, Social Media Marketing, Video, Video Editing"
Atom Finance,"Education, Financial Services"
Quorso,"Application Performance Management, Big Data, Business Intelligence, Machine Learning, Management Information Systems, Retail Technology, SaaS, Software"
Daisy Intelligence,"Artificial Intelligence, Enterprise Software, Information Technology, Machine Learning, SaaS, Software"
AudioTelligence,"Audio, Software"
Ordway,"Billing, Computer, Finance, Payments, SaaS, Software"
Lightning Labs,"Computer, Software"
OLIPOP,"Food and Beverage, Health Care"
Modus,"Commercial Real Estate, Property Management, Real Estate, Security"
FairMoney,"Financial Services, FinTech, Internet, Lending, Mobile"
MarginEdge,"Food and Beverage, Software"
Okadoc,"Health Care, Information Technology, Internet, Software"
Summer​,Financial Services
SWAT,"Last Mile Transportation, Public Transportation, Ride Sharing, Transportation"
Young Alfred,"Financial Services, FinTech, Insurance"
Nicoya Lifesciences,"Developer Platform, Nanotechnology, Sensor"
Yumpingo,"Analytics, Big Data, Business Intelligence, Information Technology, Mobile Payments, Restaurants"
Park+,"Apps, Parking"
Allume,"E-Commerce, Fashion, Retail, Shopping"
Firefly Health,Health Care
Shogun,"E-Commerce, SaaS, Web Design, Web Development"
Yumi,"Baby, Food and Beverage, Organic Food"
Own Up,"Consumer Lending, Financial Services, FinTech, Lead Generation, Real Estate"
GitGuardian,"Cloud Security, Computer, Cyber Security, Software"
Dura Software,Software
Nowi,"Consumer Electronics, Energy, Energy Management, Internet of Things, Semiconductor, Sensor"
Inky,"Artificial Intelligence, Cyber Security, Email, SaaS"
Legalpad,"Information Technology, Legal, Legal Tech"
Alpaca,"Developer APIs, Financial Services, FinTech, Trading Platform"
Headout,"Marketplace, Mobile, Travel"
Oaky,Information Technology
INDUS.AI,"Artificial Intelligence, Construction, Machine Learning, SaaS"
Rovco,"3D Technology, Autonomous Vehicles, Drones, Marine Technology, Renewable Energy, Robotics"
Revl,"Artificial Intelligence, Consumer Electronics, Hardware, Machine Learning, Motion Capture, Robotics, Software, Video, Wearables"
Plutoshift,"Artificial Intelligence, SaaS"
Hasura,"Cloud Infrastructure, Developer APIs, Open Source"
DEV,"Association, Communities, Computer, Publishing, Software"
WiPay,"E-Commerce, Mobile"
Solaborate,"Information Technology, Private Social Networking, Social Media, Software"
AdmitHub,"Artificial Intelligence, Education, Information Services, Virtual Assistant"
Membrion,Renewable Energy
Unearth,"Construction, Data Storage, Drones, Geospatial, Internet of Things, Software"
WhiteHat Jr.,Education
Mantl,"Banking, Finance, Financial Services"
Majelan,"Audio, Digital Entertainment, Music, Podcast, Software"
Forest Admin,"Enterprise Software, SaaS, Software, Web Design, Web Development"
Portify,"Finance, FinTech, Information Technology, Internet"
Stuff,Consumer Applications
The Org,"Communities, Information Technology, Internet, Software"
Containous,"Data Center, Infrastructure, Software"
Koio,"Green Consumer Goods, Lifestyle, Retail, Shopping"
Shippit,"Delivery, E-Commerce, Logistics, Shipping, Software"
Pando,"Enterprise Software, Logistics, Supply Chain Management"
NeuroFlow,"Health Care, Medical, Wellness"
Boldking,"Consumer Goods, E-Commerce, Online Portals"
misterb&b,"Leisure, LGBT, Travel"
CUUP,Fashion
Altitude Networks,"Internet, Security, Software"
UnitQ,"Quality Assurance, Software"
Fairmarkit,"Enterprise Software, SaaS, Software"
Boulevard,"Customer Service, E-Commerce, Internet, Management Consulting"
Reelgood,"Film, Internet, iOS, Software, TV, Video Streaming"
Idelic,"Enterprise Software, Software, Transportation, Travel"
Replica,"Computer, Software, Transportation"
Active Navigation,"Privacy, Software"
Atomberg Technology,"Consumer Electronics, Energy Efficiency, Internet of Things"
Datree,"Cloud Computing, Developer Tools, Internet"
Piickme,"Ride Sharing, Transportation"
Baiwancang,"B2B, Consumer Goods, E-Commerce, Retail"
justInCase,"Insurance, InsurTech"
ProcSea,"Food and Beverage, Food Processing, Seafood, Supply Chain Management"
SkyWatch,"Big Data, Cloud Computing, Information Technology"
Mylo,"Banking, Finance, Financial Services, FinTech"
Red Sift,"Artificial Intelligence, Big Data, Cyber Security, Email, PaaS, SaaS"
Nexkey,"Cloud Computing, Hardware, Information Technology, Internet of Things, Mobile, Mobile Apps, SaaS, Security, Smart Building, Software"
Litmus Automation,"Industrial Automation, Internet of Things, Manufacturing, Oil and Gas, SaaS"
RippleMatch,"Consulting, Delivery, Education, Employment, Enterprise Software, Human Resources, Recruiting, Software"
FOSSA,"Compliance, Developer Tools, Open Source, Software"
Two Hat Security,"Analytics, Big Data, Communities, Developer Tools, Machine Learning, Natural Language Processing, SaaS, Security, Spam Filtering"
Liquid Death,"Health Care, Manufacturing, Product Design"
Leap,"Energy, Renewable Energy, Solar"
YCLIENTS,"Beauty, CRM, Health Care, Loyalty Programs, SaaS, Scheduling, Small and Medium Businesses, Software, Warehousing, Wellness"
Workmate,"Employment, Internet, Social Recruiting"
TravelFlan,"Analytics, Artificial Intelligence, Big Data, Information Technology, Machine Learning, Supply Chain Management, Travel"
Esper,"Application Performance Management, Apps, Embedded Software, Enterprise Applications, Enterprise Software, Information Technology, Internet, Software"
ADAY,"E-Commerce, Fashion, Internet"
Aiera,"Artificial Intelligence, Big Data, Finance, Financial Services, FinTech, Machine Learning"
Shubh Loans,"Apps, Financial Services, Information Technology, Lending"
Loop,"E-Commerce, E-Commerce Platforms, Internet"
The Vetreska Pet Lifestyle Company,"Fashion, Lifestyle, Pet"
Agrosmart,"Agriculture, AgTech, Farming, Internet of Things"
1upHealth,"Health Care, Hospital"
Fyle,"Accounting, Artificial Intelligence, Business Information Systems, Business Travel, Finance, SaaS"
Key Way Group,Financial Services
Shujinko,"Cloud Computing, Cloud Data Services, Cloud Infrastructure, Cloud Management, Cloud Security, SaaS, Software"
Ribbon Health,"Developer APIs, Health Care, mHealth, Predictive Analytics"
Pikme,"Apps, Information Technology, Software"
TrueHome,Real Estate
Datapps,Enterprise
Gradeup,"Education, Mobile, Online Portals"
Applica,"Artificial Intelligence, Information Services, Intelligent Systems, Machine Learning, Natural Language Processing"
Coconut Software,"Scheduling, Software, Task Management"
Lanes & PLanes GmbH,"Software, Travel"
Cultivate,"Artificial Intelligence, Employment, Human Resources"
YOLO,"Apps, Software"
Brace,"Computer, Software"
Modern Treasury,"Banking, Finance, FinTech, Payments"
Cobli,"Automotive, Fleet Management, Information Technology, Logistics, Software"
IOTech,"Architecture, Information Technology, Network Security, Security"
Yesmro,E-Commerce
Mintbao,"Financial Services, Insurance, InsurTech"
HYBRICO Energy Technologies Ltd.,"Clean Energy, CleanTech, Energy, Energy Efficiency, IaaS, Renewable Energy, Telecommunications"
Toosla,"Consumer, Rental"
Mavenoid,"Artificial Intelligence, Customer Service, Industrial Automation, Machine Learning, Software, Technical Support"
Ayenda Rooms,"Hospitality, Hotel, Travel"
Sarwa.co,"FinTech, Wealth Management"
ABAKA Holdings,"Artificial Intelligence, Finance, Financial Services, FinTech, Information Technology, Retirement, SaaS, Software"
Team Labs,"Collaboration, Developer Tools, Meeting Software, Messaging, Productivity Tools, Project Management, SaaS, Software"
OpsCompass,"Enterprise Software, Information Technology, Software"
Kaskada,"Analytics, Big Data, Data Visualization, Machine Learning, Software"
RootWave,"Agriculture, AgTech, Information Technology"
POL,"Employment, Information Technology, Recruiting"
ACINQ,"Bitcoin, Blockchain, Information Technology"
Cuenca,"Banking, Financial Services"
Waycare,"Artificial Intelligence, Autonomous Vehicles, Government, GovTech, Intelligent Systems, Machine Learning"
UrbanPiper,"Information Services, Information Technology, Software"
Shipamax,"Data Center Automation, Information Technology, iOS, Messaging, Real Time, Shipping, Software, Supply Chain Management"
RYDE Technologies,"Internet, Mobile Apps, Software, Transportation"
GenomSys,Genetics
Stoplight,"Developer APIs, Developer Platform, Online Portals"
Instagrid,"Electronics, Manufacturing, Software"
AYLIEN,"Artificial Intelligence, Big Data, Machine Learning, Natural Language Processing, Text Analytics"
Spoke Phone,"Mobile, Mobile Apps, Software, Telecommunications, VoIP"
Copper,Financial Services
Caspar Health,"Health Care, Home Health Care, mHealth, Rehabilitation"
Zakaz.ua,"Delivery, E-Commerce, Retail"
AdQuick,"Advertising, Advertising Platforms, E-Commerce, Marketing"
Cashforce,"Finance, Financial Services, FinTech, Software"
Spirable,"SaaS, Video"
Popsa,"Artificial Intelligence, E-Commerce, Machine Learning, Printing, Retail Technology"
Kristal.AI,"Artificial Intelligence, Asset Management, Financial Services, Trading Platform"
Laudio,Health Care
Uncharted,"Information Technology, Insurance"
AdviNOW Medical,"Artificial Intelligence, Augmented Reality, Health Care, Information Technology, Software"
Solytic,"Analytics, Clean Energy, CleanTech, Marketplace, Renewable Energy, Solar"
Scienaptic Systems,"Information Services, Information Technology"
2ULaundry,"E-Commerce, Laundry and Dry-cleaning, Logistics, Mobile"
TypingDNA,"Artificial Intelligence, Biometrics, Cyber Security, Developer APIs, FinTech, Fraud Detection, Identity Management, Software"
SARVA,"Communities, Fitness, Health Care, Lifestyle, Wellness"
Seez,"Apps, Artificial Intelligence, E-Commerce, Image Recognition, Internet, Machine Learning, Mobile, Search Engine"
RunSafe Security,"Cloud Security, Cyber Security, Fleet Management, Real Time, Security"
Upvest,"Blockchain, Cryptocurrency, Information Services, Information Technology"
T Port Inc.,"Cloud Management, CMS, Hospitality, Hotel, Travel, Travel Accommodations"
Enapter,"Energy, Oil and Gas, Renewable Energy, Software"
The Renewal Workshop,"Fashion, Retail"
Flowbox,"B2B, Film, Software, Video"
Pavegen,"Big Data, Energy, Renewable Energy"
Lenses.io,"Big Data, Cloud Infrastructure, Data Integration, Enterprise Software, Open Source, Software"
Onco.com,Health Care
Risalto Health,"Health Care, Health Diagnostics"
CapCar,"Automotive, Autonomous Vehicles, Car Sharing, E-Commerce, Logistics, Recreational Vehicles"
Osano,"B2B, Privacy, SaaS"
Veo,"Consumer Electronics, Sports, Video"
Lavanda,"Property Management, Real Estate, Rental Property, SaaS, Sharing Economy, Software"
Maven Machines,"Electronics, Fleet Management, Sensor, Transportation, Wireless"
EquityBee,Financial Services
Okapi,"Artificial Intelligence, Asset Management, Commercial Real Estate, Property Management, Real Estate, Residential"
Iotic,"Apps, Construction, Enterprise Software, Information Technology, Internet, Internet of Things, Productivity Tools"
Flowcast,"Artificial Intelligence, Big Data, Financial Services, FinTech, Machine Learning"
TetraScience,"Cloud Computing, Enterprise Software, Internet of Things, Life Science, Software"
Apiax,"Compliance, FinTech, Information Services, Information Technology, Legal, Risk Management"
The Financial Gym,"Financial Services, Fitness, Professional Services, Sports"
Trust & Will,"FinTech, Internet, Legal"
CYFIRMA,"Artificial Intelligence, Cyber Security, Machine Learning, Predictive Analytics, Security"
Docket,"Document Management, Document Preparation, Legal, Legal Tech"
Welcome Technologies,"Artificial Intelligence, Education, Financial Services, FinTech, Market Research, Marketing, Social Entrepreneurship"
Neurable,"Augmented Reality, Human Computer Interaction, Virtual Reality"
Rafay Systems,"Apps, Developer Platform, Information Technology, Internet, PaaS, SaaS, Software"
Amira Learning,"Artificial Intelligence, Education"
Oneiro,"Blockchain, Computer, Cryptocurrency, Professional Networking"
Picus Security,"Cloud Security, Cyber Security, Enterprise Software, Network Security, Security"
Dapix,"Blockchain, Information Technology"
Envelio,"Analytics, Clean Energy, Cloud Computing, Information Services, Information Technology, SaaS, Software"
Bokio,"Accounting, Internet, Software"
m.Paani,"Business Intelligence, E-Commerce, Local Shopping, Retail Technology, Small and Medium Businesses, Social Entrepreneurship, Women's"
Geneoscopy,"Genetics, Health Care, Health Diagnostics"
1Huddle,"Enterprise Software, Gamification, Human Resources, SaaS, Training"
Kaleidofin,"Finance, Financial Services, FinTech, Risk Management"
July,"Consumer, Consumer Goods, E-Commerce, Fashion, Internet, Internet of Things, Product Design, Retail, Travel"
Jenji,"Computer, Software"
Juro,"Artificial Intelligence, Contact Management, Legal, SaaS"
DiaMonTech GmbH,"Fitness, Health Care"
DeepSig,"Artificial Intelligence, Machine Learning, Wireless"
Embrace,"Developer Tools, Enterprise Software, Mobile Apps"
Volt Lines,"Automotive, Public Transportation, Transportation"
The Zero Card,"Health Care, Hospital"
D-Orbit,"Aerospace, Automotive, Fleet Management, Information Technology, Software, Transportation"
Smart Protection,"Customer Service, Cyber Security, Intellectual Property, Legal, Legal Tech, SaaS, Security, Software"
Globacap,"Blockchain, Financial Services, FinTech"
Sprout Solutions,"Computer, Enterprise Software, Human Resources, Service Industry, Software"
HelpAround,"Health Care, mHealth"
Capmo,"Construction, Property Management, Real Estate, SaaS, Software"
PayLead,"Big Data, Billing, Loyalty Programs, Marketing, Payments"
Octi,"Augmented Reality, Computer, Social Network, Software, Video"
vHive,"Aerospace, Artificial Intelligence, CRM, Drone Management, Drones, Enterprise, Information Technology, Machine Learning, SaaS"
Bricklane.com,"Financial Services, Impact Investing, Online Portals"
N-Dream AG (AirConsole),"Internet, Mobile, Online Games"
hemea (ex-Travauxlib),"Construction, Marketplace, SaaS"
XYZ Reality,"Augmented Reality, Computer, Construction, Hardware"
Lensabl,"Consumer Goods, E-Commerce, Eyewear, Health Care"
Shapr3D,"3D Printing, 3D Technology, Apps, CAD, Industrial Engineering, Software"
Lalilo,"EdTech, Education, Reading Apps, Software, Training"
REIN,"Insurance, InsurTech, Last Mile Transportation, Robotics, Transportation"
Moteefe,"3D Printing, Digital Marketing, E-Commerce, Internet, Printing"
Hivency,"Advertising, Brand Marketing, Digital Marketing, Marketing, SaaS, Shopping, Social Media Marketing, Software"
Workiz,"CRM, Enterprise Software, Recruiting, SaaS, Small and Medium Businesses, Software"
VEDA Data Solutions,"Artificial Intelligence, Health Care, Machine Learning, Predictive Analytics"
Mr.Zoo,Tourism
Toffee Insurance,"Finance, Financial Services, Health Insurance, Insurance, InsurTech, Personal Health, Property Insurance"
Credi2 GmbH | cashpresso,"Banking, Enterprise Applications, Finance, Financial Services, Mobile, Software"
Edstart,"Application Performance Management, Education, Finance"
OneDine,"Apps, Food and Beverage, Hospitality, Leisure, Lifestyle, Mobile Apps, Mobile Payments, Retail Technology, Travel"
Starship,"Banking, Financial Services, Health Care, Internet, Mobile Apps, Mobile Payments, Payments, Personal Finance, Personal Health, Software"
DoctorLogic,"Marketing, Medical, SaaS, Software"
MioTech,"Artificial Intelligence, Finance, Financial Services, FinTech"
BEAT81,"Fitness, Mobile Apps, Training"
2hire,"Android, Apps, Automotive"
WealthKernel,"Asset Management, B2B, Developer APIs, Developer Platform, Enterprise, Finance, FinTech, Software, Trading Platform"
TrustInSoft,"Computer, Cyber Security, Network Security, Software"
CetteFamille,"Elder Care, Elderly, Professional Networking, Retirement"
Thistle,"Health Care, Organic Food, Subscription Service"
Selfapy,"Fitness, Health Care, Wellness"
lengoo,"Artificial Intelligence, Machine Learning, Translation Service"
MishiPay,"Apps, FinTech, Mobile Payments, Payments"
OnSiteIQ,"Computer Vision, Construction, Enterprise Software, Insurance, Risk Management"
Talage,"Insurance, InsurTech, SaaS, Small and Medium Businesses"
Tastewise,"Artificial Intelligence, Big Data, Fast-Moving Consumer Goods, Food and Beverage, Hospitality, Predictive Analytics, Restaurants, Retail"
StickEarn,"Advertising, Marketing"
techspert.io,"Artificial Intelligence, Consulting"
Mobilize,Software
Machfu,"Management Consulting, Software, Telecommunications"
Purchasing Platform,"E-Commerce, Internet, Procurement, Real Estate"
Rever.vn,"Information Technology, Real Estate"
Niki,"Android, E-Commerce, Machine Learning, Natural Language Processing"
Cortical.io,"Artificial Intelligence, Big Data, Enterprise Software, Information Technology, Legal Tech, Machine Learning, Natural Language Processing, Semantic Search, Software"
Senseye,"Analytics, Artificial Intelligence, Information Technology, Manufacturing, Predictive Analytics, Software"
Genially,"Content, Digital Media, Graphic Design, Presentations, Social Media, Software"
PeeSafe,"Fitness, Health Care, Wellness"
Autenti,"Information Services, Information Technology, Internet, Software"
Ride Health,"Health Care, Software, Transportation"
Silent Eight,"Artificial Intelligence, Financial Services, FinTech"
Cognigy,"Artificial Intelligence, Customer Service, Digital Marketing, Information and Communications Technology (ICT), Information Technology, Machine Learning, Natural Language Processing, Sales Automation, Virtual Assistant"
Patch Homes,"Financial Services, Real Estate"
Realized,"Commercial Real Estate, Crowdfunding, FinTech, Real Estate"
TaqTik Health,"Health Care, Medical, Wellness"
SouSmile,"Beauty, E-Commerce, Fashion, Health Care, Medical"
VPO,"Consumer Goods, Manufacturing, Product Design, Product Management"
burstIQ,"Big Data, Blockchain, Cyber Security, Health Care, Software"
Open as App,"Apps, Content Creators, Creative Agency, Customer Service, Mobile, Software, Virtual Workforce"
Klevu,"E-Commerce, Internet"
Annanow Group AG,"Consumer Goods, Information Technology, InsurTech, Logistics"
Tutorful,"E-Learning, EdTech, Education, Search Engine, Tutoring"
ekincare,"Employee Benefits, Health Care, Health Diagnostics, Wellness"
Trustpair,"Cyber Security, Software"
TemTem,"Internet, Mobile Apps, Taxi Service"
Heuritech,"Artificial Intelligence, Fashion, Machine Learning"
Flickstree,"Affiliate Marketing, Artificial Intelligence, Digital Media, Location Based Services, Video, Video on Demand, Video Streaming"
Laureti,"Autonomous Vehicles, CleanTech, Electric Vehicle, Sustainability"
BluePHA,"Agriculture, Industrial Manufacturing, Manufacturing"
BibliU,"E-Learning, Education, Publishing, Textbook"
Pixlee,"Advertising, Brand Marketing, Digital Media, E-Commerce, Mobile, Social Media"
Arctic Shores,"Artificial Intelligence, Gamification, Human Resources, Information Technology, Internet, Software"
Kovrr,"Computer, Insurance, InsurTech, Software"
Kangarootime,"Child Care, EdTech, Software"
Building Radar,"Big Data, Construction, Lead Generation"
restor3d,"3D Printing, Health Care"
Luxury Presence,"Advertising, Real Estate"
Be my eyes,"Communities, Enterprise Software, Mobile, Mobile Apps, Software, Video Streaming"
Starting 11,"Digital Entertainment, Fantasy Sports, Video Games"
VIDANYX,Cloud Computing
AlgoTrader,"Asset Management, Banking, Bitcoin, Consulting, Cryptocurrency, Information Technology, Software, Trading Platform"
AmazingCo,Events
Exact Sales,"Information Technology, Marketing, Sales, Software"
Popmenu,Internet
RazorSecure,"Cyber Security, Information Technology, Network Security, Real Time, Security, Software"
Relogix,"Business Intelligence, Information Services, Information Technology, Software"
Spotio,"Computer, Real Time, Software"
Livestorm,"B2B, Lead Management, SaaS"
atta,"Internet, Travel"
Mostly AI,"Artificial Intelligence, Big Data, Information Technology, Machine Learning, Predictive Analytics, Privacy"
Chqbook,"Finance, Financial Services, FinTech"
Gento,"Health Care, Home Health Care"
Peanut,"Apps, Communities, iOS, Leisure, Location Based Services, Messaging, Mobile Apps, Parenting, Social Network"
ZitSticka,"Brand Marketing, Cosmetics"
nOCD,"Health Care, Hospital, Mobile Apps"
Weav,"Internet, Music, Music Streaming"
Momentous,"Consumer Goods, Dietary Supplements, Nutrition, Sports"
Thingstream,"Computer, Internet, Internet of Things"
BigGo,"E-Commerce, Internet, Search Engine, Shopping"
Qunjielong,"Communities, Food and Beverage"
Maxwell Financial Labs,"Credit, Financial Services, FinTech, Real Estate"
Awign Enterprises,"Business Development, Market Research, Outsourcing"
DeadHappy,Insurance
Coassemble,"E-Learning, SaaS, Software"
Holo-Light,"Augmented Reality, Industrial, Internet of Things, Software, Virtual Reality, Wearables"
Ubeya,"Apps, Catering, Event Management, Mobile, Scheduling, Small and Medium Businesses, Software, Staffing Agency"
Crediwatch,"Artificial Intelligence, FinTech, Information Services"
Garaj Sepeti,"Automotive, Big Data, Classifieds, Mobile"
Combinostics,"Enterprise Software, Health Diagnostics, Information Technology, Robotics, Software"
Winterlight Labs,"Artificial Intelligence, Information Technology, Machine Learning, Neuroscience, Product Research, Speech Recognition"
Mixergy Ltd.,"Energy, Renewable Energy"
neptune.ai,"Analytics, Artificial Intelligence, Information Technology, Internet, Software"
Bitmark Inc.,"Computer, Internet of Things, Software"
FruitSpec,"Agriculture, AgTech"
Crowd Analyzer,"Analytics, Crowdsourcing, Social Media"
App Samurai,"Advertising, Enterprise Applications, iOS, Marketing, Mobile Apps"
Influencer,"Advertising, Marketing, Social Media Marketing"
Relectrify,"Energy, Energy Storage, Solar"
MaxWholesale,"B2B, E-Commerce, Shopping"
NexTravel,"Apps, Business Travel, Enterprise Software, Human Resources, SaaS, Small and Medium Businesses, Travel"
Yofix,"Agriculture, Food and Beverage, Manufacturing, Retail, Shopping, Wellness"
Sympower,"Electrical Distribution, Energy, Energy Management"
Beonprice,"Big Data, Business Intelligence, Cloud Computing, Hospitality, Price Comparison, Travel"
Eupheus Learning,"E-Learning, EdTech, Education"
Digital Onboarding,"Banking, Digital Marketing, Financial Services, FinTech, SaaS, Small and Medium Businesses"
Paragon Intel,"Financial Services, FinTech, IaaS, Internet, SaaS"
OfficeRnD,"Coworking, Software"
Bottega,"Higher Education, Internet, Skill Assessment, Software, STEM Education"
Coutloot,"E-Commerce, Fashion, Mobile"
TAPP Water,"Consumer Goods, Health Care, Water"
Metigy,"Artificial Intelligence, Marketing, Social Media Marketing"
KickUp,"Collaboration, Communities, Education"
Freightwalla,"Automotive, E-Commerce, Information Services, Information Technology, Internet, Software"
Hemster,"E-Commerce, Fashion"
YukStay,"Building Material, E-Commerce, Internet, Real Estate"
Log 9 Materials,"Manufacturing, Nanotechnology"
Cordmagic,Consumer
Viselio,Travel
Accusonus,"Audio, Music"
Outdoor Access,"Internet, Recreation, Service Industry, Sports"
Spark Change,"Financial Services, FinTech, GreenTech"
Neticle,"Natural Language Processing, Social Media Marketing, Text Analytics"
Collision Management Systems,"Automotive, Insurance, Software"
fleetx.io,"Fleet Management, Predictive Analytics, Software"
Coolberg,"Craft Beer, Food and Beverage"
Ccilu,"Brand Marketing, CleanTech, E-Commerce, Fashion, Golf, Manufacturing, Marketing, Recycling, Shoes, Sustainability"
HARDLOOP,"Adventure Travel, Sporting Goods, Sports"
upOwa,"Clean Energy, Environmental Consulting"
Mediação Online,"Consulting, Internet, Law Enforcement, Legal"
Betterspace,"Hospitality, Information Technology, Software"
InfoPrice,"Business Intelligence, Price Comparison, Retail Technology"
App Radar,Internet
A1A,"Computer, Manufacturing, Software"
COFE App,"Apps, Coffee, E-Commerce, Food and Beverage, Food Delivery, Internet, Marketplace, Mobile Apps, Software"
BeYouPlus (previously MyDermacy),"Beauty, Cosmetic Surgery, Health Care, Personal Health"
Dealroom.co,"Cyber Security, Finance, Information Services"
Appsilon Enterprise,"Advanced Materials, Jewelry, Nanotechnology"
BlockApps,"Bitcoin, Blockchain, Developer APIs, Developer Platform, Developer Tools, Enterprise, Ethereum"
AuB,"Fitness, Health Care, Life Science"
VCC Live,"Call Center, CRM, Software, Telecommunications"
Amped Innovation,"CleanTech, Energy, Solar"
Archilyse AG,"Analytics, Big Data, Consulting, Predictive Analytics, Property Development, Real Estate, SaaS"
Cybertonica,"Artificial Intelligence, FinTech, Fraud Detection, Machine Learning, Payments, Risk Management"
Datanomix,"Analytics, Industrial Manufacturing, Internet of Things"
AKUA,"Internet, Logistics, Security, Supply Chain Management, Transportation"
Smytten,"Content Discovery, E-Commerce, Lifestyle, Retail"
CanastaRosa,"Education, Insurance, Internet"
Taos Data,"Analytics, Data Storage, Software"
HouseME (Pty) Ltd.,"Data Center Automation, Digital Media, Digital Signage, Industrial Automation"
"Real Coconut Co., Inc.",Food and Beverage
PrivyID,"Identity Management, Information Technology"
3D Repo,"3D Technology, Software"
Pej,"Apps, Finance, Information Technology"
Clir Renewables,"Renewable Energy, Software"
FableStreet,"E-Commerce, Fashion"
Mynt,"Finance, FinTech, Lending, Small and Medium Businesses"
Ipoweru.cn,"Education, Training"
MediCheck,"Health Care, Information Technology"
MeetFrank,"Apps, Human Resources, Recruiting"
Bosta,"Courier Service, Information Technology, Logistics, Transportation"
HalalBooking.com,"E-Commerce, Marketing, Tourism, Travel"
BAGBNB,"Hospitality, Leisure, Sharing Economy, Tourism, Travel"
Move This World,"E-Learning, EdTech, Education, Wellness"
Samosa Singh,"Food and Beverage, Food Delivery, Food Processing, Snack Food"
Seeloz Inc.,"Artificial Intelligence, Big Data, Business Intelligence, Enterprise Software, Machine Learning, Software"
SEaB Energy,"Clean Energy, Energy, Renewable Energy, Waste Management"
VROMO,"Content Delivery Network, Enterprise Software, Food Delivery, Logistics, Same Day Delivery, Software, Supply Chain Management"
Fodel,"Computer, E-Commerce"
Cherdak,"E-Commerce, Internet, Internet of Things"
Meddy,"Health Care, Information Technology"
QunaSys,"Computer, Consulting, Information Technology, Software"
Codota,"Artificial Intelligence, Developer Tools, Search Engine, Software"
KoRo,"Food and Beverage, Food Delivery, Food Processing, Information Technology"
KnowledgeHook,"E-Learning, EdTech, Education, Software, Tutoring"
Outernets,"Ad Targeting, Advertising Platforms, Marketing Automation, Retail Technology"
Scaeva Technologies,"Cyber Security, Music"
Discover Film,"Apps, Film Distribution, Media and Entertainment, Video Streaming"
DiviPay,"FinTech, Mobile Payments, Payments"
Bin-e,"Artificial Intelligence, CleanTech, Facility Management, Information Technology, Internet of Things, Recycling, Smart Building, Software, Waste Management"
realxdata,"Big Data, Commercial Real Estate, Machine Learning"
Recoup Fitness,"Alternative Medicine, B2C, Direct Sales, Fitness, Home Health Care, Lifestyle, Personal Health, Therapeutics, Wearables, Wellness"
Stae,"CRM, Data Integration, Information Technology, Software"
Technis,"Artificial Intelligence, Information Services, Infrastructure"
Drivemate,"Car Sharing, Peer to Peer, Service Industry"
ALLSENSE Technology,"Enterprise, Industrial"
SENS Foods,"Food and Beverage, Snack Food"
myHQ,"Collaboration, Communities, Coworking, Food and Beverage, Hospitality, Real Estate, Sharing Economy"
Moygorod,"Android, Information Technology, Internet, iOS"
Infinity Stones (InfStones),"Cloud Computing, Cloud Management"
Base Operations,"Big Data, Information Technology, Security, Software, Travel"
MPost,"Mobile, Mobile Apps"
Captini,"Big Data, Internet, Marketing Automation, Social Media Marketing, Wireless"
Frontastic,"Computer, E-Commerce, Software"
Agents1,"Collaboration, Commercial Real Estate, CRM, Freemium, Internet, Property Management, Real Estate Investment, SaaS"
HeyTeam,"Computer, Internet"
Magentiq Eye Ltd,"Computer, Health Care, Health Diagnostics, Information Technology, Video"
trezi,"Architecture, Construction, Real Estate, Software, Virtual Reality"
Ruixun Biotech,Health Care
DCEX,"Blockchain, Cryptocurrency, Financial Services, Internet"
WaterView,"Autonomous Vehicles, Big Data, Computer, Computer Vision"
Daytrip,"Guides, Space Travel, Tourism, Transportation, Travel"
True Made Foods,"Food and Beverage, Food Processing"
Intelligence Retail,"Artificial Intelligence, Big Data, Computer Vision, Image Recognition, Information Technology, Retail Technology"
Ever Health,"Child Care, Health Care, Medical, Nutrition, Psychology"
VergeSense,"Artificial Intelligence, Hardware, Sensor"
SNAPnSAVE,"Apps, Marketing, Shopping"
UpUdate,"E-Commerce, Lifestyle, Mobile Apps, Service Industry, Social Media, Software"
Skipcart,"Delivery, Delivery Service, E-Commerce, Food Delivery, Grocery, Logistics, Same Day Delivery, Transportation"
Saturnbird Coffee,"Coffee, E-Commerce"
GoSun,"CleanTech, Consumer Goods, Energy Efficiency, Impact Investing, Outdoors, Renewable Energy, Solar, Sustainability"
Printerous,"Art, E-Commerce, Printing"
Sippd,"Food and Beverage, Information Technology, Mobile Apps, Restaurants, Wine And Spirits"
Healthy Bytes,Health Care
FlexClub,"Fleet Management, Rental, Small and Medium Businesses, Subscription Service"
Smartrenting,"Real Estate, Rental"
Infinidome LTD (GPSDOME),"Autonomous Vehicles, Cyber Security, Drones, GPS, Homeland Security"
ChatBook,"Advertising, Internet of Things"
Say Allo,"Apps, Artificial Intelligence, Dating, Machine Learning, Mobile Apps, Social Media, Social Network"
RocketBody,"Apps, Artificial Intelligence, Fitness, Health Care, Machine Learning"
Alicerce,"EdTech, Education, Social Impact, STEM Education"
Moovaz,"Blockchain, Human Resources, Information Technology, Internet, Logistics"
SkinRun,"Artificial Intelligence, Beauty, Hardware, Machine Learning, Retail Technology"
Aidemy,"Artificial Intelligence, Education, Internet"
Radium,"Artificial Intelligence, Cloud Computing, Cloud Infrastructure, Information Technology, Machine Learning, Software"
TakeTask,"Crowdsourcing, Market Research, Productivity Tools, SaaS, Task Management"
Farmote Systems,"Agriculture, Electronics, Internet of Things"
Blackwatch Digital,"Cloud Security, Cryptocurrency, Cyber Security, Enterprise Software, FinTech, Information Technology, Software"
Yielders,"Consumer Lending, Crowdfunding, Financial Services, Lending"
Evoke Electric Motorcycles,"Automotive, Consumer Electronics, Electronics, Embedded Software, Energy Management, Energy Storage, Hardware, Manufacturing, Software"
Brimore,Manufacturing
StackFuel,"Information Technology, Smart Home, Training"
Shipshape Urban Farms,"Agriculture, AgTech, Data Integration"
ChallengeRocket,"Artificial Intelligence, Crowdsourcing, Human Resources, Predictive Analytics"
FinChatBot,"Computer, Financial Services, FinTech"
Smiling Video,"Innovation Management, Media and Entertainment"
Instarea,"Analytics, Big Data, Database, Developer APIs, Geospatial, GPU, Location Based Services, Mobile Advertising, SMS"
Refract,"Artificial Intelligence, E-Learning, SaaS, Sales, Video"
Boxit,"E-Commerce, Innovation Management, Internet, Logistics, Product Design"
QikkDB - GPU accelerated database,"Big Data, Data Integration, Data Visualization, Database, Developer Tools, Enterprise Software, Geospatial, GPU, Information Technology"
WORKHANDS,"Human Resources, Information Technology, Software"
HiCustomer,SaaS
WEED.APP,"Cannabis, Digital Marketing"
Momentum Learning,"Education, Training"
ZeroQs,"Direct Marketing, FinTech, Hardware, Information Technology, Marketing Automation, Retail, Retail Technology, Software"
STYX,"Industrial Automation, Logistics, SaaS, Transportation"
theklicker,"E-Commerce, Information Services, Internet, Online Portals"
buseet,"Mobile Apps, Transportation"
CrowdForce,"Blockchain, Database, Financial Services, FinTech, Mobile"
Grid Edge,"Artificial Intelligence, Environmental Consulting, Renewable Energy, Software"
LifeBank,"Health Care, Hospital"
Blue Power Systems,"Battery, Clean Energy, CleanTech, Energy, Energy Efficiency, Energy Management, Energy Storage, Renewable Energy, Solar, Wind Energy"
AgentApp,"E-Commerce, Internet"
CredPal,"Financial Services, FinTech"
Goparrot,"Artificial Intelligence, Food and Beverage, Information Technology, Software"
VERKOOP,"E-Commerce, Internet, Mobile Apps, Software"
Gear Focus,"E-Commerce, Marketplace"
Sheerly Genius,"Fashion, Lifestyle, Wearables, Women's"
Pocket Cocktails,"Food and Beverage, Food Delivery, Wine And Spirits"
VISARIGHT,"Enterprise Software, Human Resources, Information Technology, Software"
Choice Home Mortgage,"FinTech, Insurance, Real Estate, Real Estate Investment"
hoolah,FinTech
Chargetrip,"Electric Vehicle, Navigation, Predictive Analytics, Software"
StakerDAO,"Asset Management, Cryptocurrency, Finance"
TechNode,"Internet, News"
epilot,"B2B, Cloud Computing, E-Commerce, Energy, Enterprise Software"
Nammu21,"Analytics, Financial Services"
BulkWhiz,"Artificial Intelligence, E-Commerce, Grocery, Retail"
DiligenceVault,"Financial Services, Hedge Funds, Venture Capital"
OneLocal,"Apps, CRM, SaaS, Software"
MagicBus,"Business Information Systems, Railroad, Transportation"
Edukasyon.ph,"EdTech, Education, Higher Education, Training, Universities"
farMart,"Agriculture, Farming, Social Entrepreneurship"
Keleya,"Lifestyle, Nutrition, Wellness, Women's"
troy,"CRM, Marketing"
Carbon Masters,Internet
Sallve,"Consumer Goods, E-Commerce, Fashion, Web Design"
Wiferion,"Battery, Energy, Energy Efficiency, Energy Management, Energy Storage, Industrial Automation, Manufacturing, Wireless"
Funatix Club,"Fantasy Sports, Media and Entertainment, Online Games"
NEODIGITAL,"Insurance, InsurTech"
Bellugg,Delivery Service
BigOne Lab,"Big Data, Business Intelligence, Financial Services, FinTech"
CuidaMiMascota,"Internet, Pet"
Carzaty,Automotive
Crashtest Security,"Artificial Intelligence, Computer, Information Technology, Network Security"
TopCV,Staffing Agency
eliso,"Automotive, Electric Vehicle, Information Technology, Infrastructure, Software, Transportation"
Mary Agrotechnologies,"Agriculture, Artificial Intelligence, Cannabis, Farming, Internet of Things"
deviceTRUST,"Computer, Software"
PandaCredit,"Credit, Finance, FinTech, Internet, SaaS, Software"
Swiich B.I Core Systems Ltd.,"Banking, FinTech, Mobile Payments"
Arpac Drones,"Agriculture, AgTech, Drones, Geospatial, Hardware"
C-Major Medical,"Health Care, Medical"
SponsorChampz,"Advertising, Marketing"
English Wonderkid,"EdTech, Education"
Youshupai,"Enterprise, Software"
ZiYun Cloud,"Cloud Computing, Internet, Internet of Things, Software"